[{"date": "2021-03-12T16:02:00Z", "title": "Mozambique: Can the government defeat radical Islamist insurgency ?", "full article": "A report from an area of northern Mozambique that's under siege by Islamists. More than half a million people have fled their homes to escape the insurgents' brutal attacks. Also, gunmen abduct dozen\u2026 [+168 chars]", "author": null}, {"date": "2021-03-12T16:01:59Z", "title": "Hit-and-run attack treated as attempted murder", "full article": "image captionThe incident happened at the junction of Hollybank Street and Kintyre Street\r\nA man is in hospital with serious injuries after being deliberately struck by a car in Glasgow.\r\nThe 29-year\u2026 [+326 chars]", "author": "https://www.facebook.com/bbcnews"}, {"date": "2021-03-12T15:42:52Z", "title": "Edinburgh council leader apologises for school racism", "full article": "image copyrightCity of Edinburgh Council\r\nimage captionAdam McVey has apologised to those who have experienced racism in the city's schools\r\nCity of Edinburgh Council leader Adam McVey has apologised\u2026 [+1907 chars]", "author": "https://www.facebook.com/bbcnews"}, {"date": "2021-03-12T15:24:47Z", "title": "Six Nations 2021: England v France team news, preview & key stats", "full article": "England captain Owen Farrell continues in midfield with George Ford at fly-half\r\n<table><tr><th>Guinness Six Nations: England v France</th></tr>\r\n<tr><td>Venue: Twickenham Date: Saturday, 13 March Ki\u2026 [+6205 chars]", "author": null}, {"date": "2021-03-12T15:22:47Z", "title": "Scottish Premiership: What's at play this weekend?", "full article": "It may be short on teams, but this weekend's Scottish Premiership card is not without potential drama.\r\nA week on from Rangers clinching the top-flight title, there are key battles that could go a lo\u2026 [+4190 chars]", "author": null}, {"date": "2021-03-12T15:19:36Z", "title": "Premiership: London Irish v Worcester", "full article": "Worcester will be making their first visit to the Brentford Community Stadium - London Irish's new home since November\r\n<table><tr><th>Gallagher Premiership</th></tr>\r\n<tr><td>Venue: Brentford Commun\u2026 [+1673 chars]", "author": null}, {"date": "2021-03-12T15:12:01Z", "title": "Myanmar coup: The 'battle tactics' used in crackdowns on protests", "full article": "By Joshua CheethamBBC News\r\nimage copyrightGetty Images\r\nimage captionHuman rights groups are calling on Myanmar's military to end it's use of lethal force against civilians\r\nOn a busy street in Yang\u2026 [+4160 chars]", "author": "https://www.facebook.com/bbcnews"}, {"date": "2021-03-12T15:11:38Z", "title": "Rosamund Pike: I Care A Lot actress buries awards 'in back garden'", "full article": "image copyrightGetty Images\r\nimage captionBritish actress Rosamund Pike won best actress in a musical or comedy at this year's Golden Globes\r\nActress Rosamund Pike has revealed that she buries her ac\u2026 [+2256 chars]", "author": "https://www.facebook.com/bbcnews"}, {"date": "2021-03-12T15:11:00Z", "title": "Mozambique: Thousands trapped by Islamist militants", "full article": "The president of Mozambique has sacked the head of the army and the air force chief at a time of increased insecurity in the north-east, where an Islamist insurgency has driven more than half a milli\u2026 [+532 chars]", "author": null}, {"date": "2021-03-12T15:06:00Z", "title": "2021/03/12 15:00 GMT", "full article": "The latest five minute news bulletin from BBC World Service.", "author": null}, {"date": "2021-03-12T15:05:24Z", "title": "France v Scotland: Gregor Townsend hopes match is rescheduled 'soon'", "full article": "Scotland could face France on 26 March\r\n<table><tr><th>Six Nations 2021: Scotland v Ireland</th></tr>\r\n<tr><td>Venue: Murrayfield Stadium, Edinburgh Date: Sunday, 14 March Kick-off: 15:00 GMT</td></t\u2026 [+1761 chars]", "author": null}, {"date": "2021-03-12T15:00:23Z", "title": "Italy v Wales: Gareth Davies and Stephen Varney aim for relative Six Nations dominance", "full article": "Stephen Varney under pressure from Gareth Davies during Wales v Italy in December 2020\r\n<table><tr><th>Six Nations 2021: Italy v Wales</th></tr>\r\n<tr><td>Venue: Stadio Olimpico, Rome Date: Saturday, \u2026 [+4554 chars]", "author": null}, {"date": "2021-03-12T15:00:18Z", "title": "Tariq Lamptey: Brighton defender out for the season", "full article": "Tariq Lamptey has not played for Brighton since being taken off in the goalless draw at Fulham in December\r\nBrighton right-back Tariq Lamptey will miss the remainder of the season because he requires\u2026 [+704 chars]", "author": null}, {"date": "2021-03-12T14:59:04Z", "title": "Manchester United v West Ham United", "full article": "Jesse Lingard has scored four goals in six appearances since he joined West Ham on loan from Manchester United in January\r\nTEAM NEWS\r\nManchester United may have a shortage of forwards as Anthony Mart\u2026 [+3265 chars]", "author": null}, {"date": "2021-03-12T14:53:49Z", "title": "Ant Group boss Simon Hu steps down in restructuring", "full article": "image copyrightGetty Images\r\nimage captionAnt Group is controlled by Alibaba founder Jack Ma\r\nThe chief executive of China's Ant Group has stepped down \"for personal reasons\" as the online payment gi\u2026 [+1492 chars]", "author": "https://www.facebook.com/bbcnews"}, {"date": "2021-03-12T14:51:46Z", "title": "UK borders: Cost of IT failures 'staggering', says spending watchdog", "full article": "image copyrightPress Association\r\nTaxpayers are still being hit with the \"staggering\" cost of failed UK border IT projects, a spending watchdog has warned.\r\nThe Public Accounts Committee said the Hom\u2026 [+2309 chars]", "author": "https://www.facebook.com/bbcnews"}, {"date": "2021-03-12T14:49:19Z", "title": "University of Manchester advises against using 'mother' and 'father'", "full article": "image captionThe University of Manchester has denied banning or scrapping certain words\r\nA university has advised staff against using the terms \"mother\" and \"father\" to avoid bias and assumption. \r\nT\u2026 [+2640 chars]", "author": "https://www.facebook.com/bbcnews"}, {"date": "2021-03-12T14:37:47Z", "title": "YouTube deletes 30,000 vaccine misinfo videos", "full article": "image copyrightGetty Images\r\nYouTube has removed more than 30,000 misleading Covid-19 vaccination videos in the past five months, it said.\r\nA YouTube spokeswoman said the videos contradicted vaccine \u2026 [+1991 chars]", "author": "https://www.facebook.com/bbcnews"}, {"date": "2021-03-12T14:37:33Z", "title": "Sahayb Abu convicted of planning IS-inspired sword attack", "full article": "By Daniel De SimoneBBC News\r\nimage copyrightMetropolitan Police\r\nimage captionSahayb Abu and the kit he planned to wear in the attack\r\nA former prisoner has been convicted of planning an Islamic Stat\u2026 [+5096 chars]", "author": "https://www.facebook.com/bbcnews"}, {"date": "2021-03-12T14:35:08Z", "title": "Gavin Williamson on coping with 'lonely' leadership", "full article": "By Sean CoughlanFamily and education correspondent\r\nimage captionGavin Williamson was asked by head teachers about his own \"wellbeing\"\r\nEducation Secretary Gavin Williamson has talked to head teacher\u2026 [+2861 chars]", "author": "https://www.facebook.com/bbcnews"}]